{"cameraMode":{"drawMode":0,"name":"Shaded","section":"Shading Mode"},"sceneLighting":false,"audioPlay":false,"sceneViewState":{"showFog":true,"showMaterialUpdate":false,"showSkybox":true,"showFlares":true,"showImageEffects":true,"showParticleSystems":true},"in2DMode":false,"pivot":{"x":180.4306182861328,"y":265.05621337890627,"z":-287.5841369628906},"rotation":{"x":0.09338298439979553,"y":0.14286258816719056,"z":-0.013540728017687798,"w":0.985234260559082},"size":1203.185546875,"orthographic":true}